<?xml version="1.0" encoding="utf-8" ?><dwsync><file name="ZenGardenTitle3.png" server="jacobw.smumnweb.com" local="3700580419" remote="3701123580" Dst="-1" /><file name="Beauty3.png" server="jacobw.smumnweb.com" local="3700581979" remote="3701123580" Dst="-1" /><file name="PaperYellow.jpg" server="jacobw.smumnweb.com" local="3700582406" remote="3701123580" Dst="-1" /><file name="StairsTransparent.png" server="jacobw.smumnweb.com" local="3700497459" remote="3701123580" Dst="-1" /><file name="PaperTestpink.jpg" server="jacobw.smumnweb.com" local="3700582717" remote="3701123580" Dst="-1" /><file name="AngelRepeatBestWhiteTransparent.jpg" server="jacobw.smumnweb.com" local="3700500635" remote="3701123580" Dst="-1" /><file name="Paper.jpg" server="jacobw.smumnweb.com" local="3700582276" remote="3701123580" Dst="-1" /><file name="cloudsSmall.png" server="jacobw.smumnweb.com" local="3700495648" remote="3701123580" Dst="-1" /><file name="Line.png" server="jacobw.smumnweb.com" local="3700583766" remote="3701123580" Dst="-1" /><file name="City_of_Dis_Cropped.jpg" server="jacobw.smumnweb.com" local="3700575613" remote="3701123580" Dst="-1" /><file name="Spear.png" server="jacobw.smumnweb.com" local="3700578553" remote="3701123580" Dst="-1" /><file name="Fire.png" server="jacobw.smumnweb.com" local="3700491138" remote="3701123580" Dst="-1" /><file name="Select.png" server="jacobw.smumnweb.com" local="3701130049" remote="3701123580" Dst="-1" /><file name="Archives.png" server="jacobw.smumnweb.com" local="3701130135" remote="3701123580" Dst="-1" /><file name="Resources.png" server="jacobw.smumnweb.com" local="3701130202" remote="3701123580" Dst="-1" /><file name="AngelRepeat.jpeg" server="jacobw.smumnweb.com" local="3700499867" remote="3701123760" Dst="-1" /><file name="City_of_Dis.jpeg" server="jacobw.smumnweb.com" local="3700497859" remote="3701123760" Dst="-1" /><file name="AngelRepeatBestWhiteSmaller.jpg" server="jacobw.smumnweb.com" local="3701121785" remote="3701123760" Dst="-1" /><file name="Untitled-1.png" server="jacobw.smumnweb.com" local="3700579666" remote="3701123760" Dst="-1" /><file name="BurntPaper.png" server="jacobw.smumnweb.com" local="3700499234" remote="3701123760" Dst="-1" /><file name="BeautyTitle.png" server="jacobw.smumnweb.com" local="3700580992" remote="3701123760" Dst="-1" /><file name="ZenGardenTitle.png" server="jacobw.smumnweb.com" local="3700579727" remote="3701123820" Dst="-1" /><file name="AngelRepeatBestWhiteSmaller.psd" server="jacobw.smumnweb.com" local="3701121519" remote="3701123820" Dst="-1" /><file name="Paper.jpeg" server="jacobw.smumnweb.com" local="3700582184" remote="3701123820" Dst="-1" /><file name="select.gif" server="jacobw.smumnweb.com" local="3701129296" remote="3701123820" Dst="-1" /><file name="SkyPurple.jpeg" server="jacobw.smumnweb.com" local="3700490329" remote="3701123820" Dst="-1" /><file name="FireAndiceSmall.jpg" server="jacobw.smumnweb.com" local="3700491966" remote="3701123820" Dst="-1" /><file name="clouds.png" server="jacobw.smumnweb.com" local="3700494700" remote="3701123820" Dst="-1" /><file name="Line.gif" server="jacobw.smumnweb.com" local="3700583445" remote="3701123820" Dst="-1" /><file name="AngelRepeatBestWhite.jpg" server="jacobw.smumnweb.com" local="3700500545" remote="3701123820" Dst="-1" /><file name="Important.psd" server="jacobw.smumnweb.com" local="3700584105" remote="3701123820" Dst="-1" /><file name="ZengardenTitle2.png" server="jacobw.smumnweb.com" local="3700579968" remote="3701123820" Dst="-1" /><file name="AngelRepeatBestWhite.psd" server="jacobw.smumnweb.com" local="3700500499" remote="3701123820" Dst="-1" /><file name="select.jpg" server="jacobw.smumnweb.com" local="3701129673" remote="3701123820" Dst="-1" /><file name="BurntPaperRepeat.png" server="jacobw.smumnweb.com" local="3700499414" remote="3701123820" Dst="-1" /><file name="select.png" server="jacobw.smumnweb.com" local="3701130049" remote="3701123820" Dst="-1" /><file name="AngelRepeatEdit.psd" server="jacobw.smumnweb.com" local="3700500246" remote="3701123820" Dst="-1" /><file name="fireIceBackground.jpeg" server="jacobw.smumnweb.com" local="3700492316" remote="3701123820" Dst="-1" /><file name="FireAndice.jpeg" server="jacobw.smumnweb.com" local="3700491693" remote="3701123820" Dst="-1" /><file name="Stairs.png" server="jacobw.smumnweb.com" local="3700497440" remote="3701123820" Dst="-1" /><file name="PaperPink.jpg" server="jacobw.smumnweb.com" local="3700582606" remote="3701123820" Dst="-1" /><file name="CropPaperPink.jpg" server="jacobw.smumnweb.com" local="3700582663" remote="3701123820" Dst="-1" /><file name="reck.webp" server="jacobw.smumnweb.com" local="3700498646" remote="3701123820" Dst="-1" /><file name="AngelRepeatBest.psd" server="jacobw.smumnweb.com" local="3700500282" remote="3701123820" Dst="-1" /><file name="Scroll.png" server="jacobw.smumnweb.com" local="3700499568" remote="3701123820" Dst="-1" /><file name="AngelRepeatBest.jpg" server="jacobw.smumnweb.com" local="3700500356" remote="3701123820" Dst="-1" /></dwsync>